tier,oracle,algorithm,seed,n_molecules,max_call,best_score,final_top1,final_top10,final_top100,auc_top10,path
medium,hba,gpbo,0,1001,1001,24.0,24.0,21.7,18.11,16.104885590599874,oracle_benchmark_results_part2_evaluator/medium/hba/gpbo/seed_0/results_gp_bo_hba_0.yaml
medium,hba,gpbo,1,1001,1001,25.0,25.0,20.6,16.86,15.194346130060417,oracle_benchmark_results_part2_evaluator/medium/hba/gpbo/seed_1/results_gp_bo_hba_1.yaml
medium,hba,gpbo,2,1001,1001,24.0,24.0,22.3,18.42,16.39559488130917,oracle_benchmark_results_part2_evaluator/medium/hba/gpbo/seed_2/results_gp_bo_hba_2.yaml
medium,hba,graph_ga,0,1001,1001,16.0,16.0,14.6,12.23,10.583341658341658,oracle_benchmark_results_part2_evaluator/medium/hba/graph_ga/seed_0/results_graph_ga_hba_0.yaml
medium,hba,graph_ga,1,1001,1001,17.0,17.0,14.7,11.9,10.546928071928072,oracle_benchmark_results_part2_evaluator/medium/hba/graph_ga/seed_1/results_graph_ga_hba_1.yaml
medium,hba,graph_ga,2,1001,1001,17.0,17.0,14.6,11.47,10.423401598401599,oracle_benchmark_results_part2_evaluator/medium/hba/graph_ga/seed_2/results_graph_ga_hba_2.yaml
medium,hba,graph_mcts,0,1000,1000,10.0,10.0,9.8,6.77,7.133595634920636,oracle_benchmark_results_part2_evaluator/medium/hba/graph_mcts/seed_0/results_graph_mcts_hba_0.yaml
medium,hba,graph_mcts,1,1000,1000,10.0,10.0,9.6,7.58,8.407056746031744,oracle_benchmark_results_part2_evaluator/medium/hba/graph_mcts/seed_1/results_graph_mcts_hba_1.yaml
medium,hba,graph_mcts,2,1000,1000,13.0,13.0,10.5,7.16,7.670445634920634,oracle_benchmark_results_part2_evaluator/medium/hba/graph_mcts/seed_2/results_graph_mcts_hba_2.yaml
medium,hba,mimosa,0,1001,1001,9.0,9.0,8.2,6.59,7.563360845503703,oracle_benchmark_results_part2_evaluator/medium/hba/mimosa/seed_0/results_mimosa_hba_0.yaml
medium,hba,mimosa,1,1001,1001,9.0,9.0,8.2,6.59,7.6771993879136735,oracle_benchmark_results_part2_evaluator/medium/hba/mimosa/seed_1/results_mimosa_hba_1.yaml
medium,hba,mimosa,2,1001,1001,9.0,9.0,8.2,6.6,7.3237326165897585,oracle_benchmark_results_part2_evaluator/medium/hba/mimosa/seed_2/results_mimosa_hba_2.yaml
medium,hba,moldqn,0,1001,1001,21.0,21.0,20.2,15.67,18.734232037803466,oracle_benchmark_results_part2_evaluator/medium/hba/moldqn/seed_0/results_moldqn_hba_0.yaml
medium,hba,moldqn,1,1001,1001,17.0,17.0,16.3,13.58,12.500603761318047,oracle_benchmark_results_part2_evaluator/medium/hba/moldqn/seed_1/results_moldqn_hba_1.yaml
medium,hba,moldqn,2,1001,1001,22.0,22.0,19.2,14.97,14.507063174920317,oracle_benchmark_results_part2_evaluator/medium/hba/moldqn/seed_2/results_moldqn_hba_2.yaml
medium,hba,reinvent,0,1001,1001,17.0,17.0,11.8,9.59,8.830923441637728,oracle_benchmark_results_part2_evaluator/medium/hba/reinvent/seed_0/results_reinvent_hba_0.yaml
medium,hba,reinvent,1,1001,1001,11.0,11.0,10.6,8.84,8.077842792128505,oracle_benchmark_results_part2_evaluator/medium/hba/reinvent/seed_1/results_reinvent_hba_1.yaml
medium,hba,reinvent,2,1001,1001,11.0,11.0,10.4,8.83,8.417933653647939,oracle_benchmark_results_part2_evaluator/medium/hba/reinvent/seed_2/results_reinvent_hba_2.yaml
medium,hba,reinvent_selfies,0,1001,1001,13.0,13.0,11.0,8.99,8.841521177235464,oracle_benchmark_results_part2_evaluator/medium/hba/reinvent_selfies/seed_0/results_reinvent_selfies_hba_0.yaml
medium,hba,reinvent_selfies,1,1001,1001,14.0,14.0,11.8,8.86,9.032090528519102,oracle_benchmark_results_part2_evaluator/medium/hba/reinvent_selfies/seed_1/results_reinvent_selfies_hba_1.yaml
medium,hba,reinvent_selfies,2,1001,1001,16.0,16.0,12.4,9.21,8.500405546834118,oracle_benchmark_results_part2_evaluator/medium/hba/reinvent_selfies/seed_2/results_reinvent_selfies_hba_2.yaml
medium,hba,screening,0,1000,1000,9.0,9.0,8.2,6.58,7.33164246031746,oracle_benchmark_results_part2_evaluator/medium/hba/screening/seed_0/results_screening_hba_0.yaml
medium,hba,screening,1,1000,1000,9.0,9.0,8.2,6.58,7.772488492063494,oracle_benchmark_results_part2_evaluator/medium/hba/screening/seed_1/results_screening_hba_1.yaml
medium,hba,screening,2,1000,1000,9.0,9.0,8.2,6.58,7.505204761904762,oracle_benchmark_results_part2_evaluator/medium/hba/screening/seed_2/results_screening_hba_2.yaml
medium,hba,selfies_ga,0,1001,1001,8.0,8.0,7.6,6.31,5.05856326213469,oracle_benchmark_results_part2_evaluator/medium/hba/selfies_ga/seed_0/results_selfies_ga_hba_0.yaml
medium,hba,selfies_ga,1,1001,1001,7.0,7.0,7.0,6.32,5.046688628831486,oracle_benchmark_results_part2_evaluator/medium/hba/selfies_ga/seed_1/results_selfies_ga_hba_1.yaml
medium,hba,selfies_ga,2,1001,1001,8.0,8.0,7.5,6.44,4.991894216894217,oracle_benchmark_results_part2_evaluator/medium/hba/selfies_ga/seed_2/results_selfies_ga_hba_2.yaml
medium,hba,smiles_ga,0,1001,1001,16.0,16.0,15.1,13.59,10.420154845154844,oracle_benchmark_results_part2_evaluator/medium/hba/smiles_ga/seed_0/results_smiles_ga_hba_0.yaml
medium,hba,smiles_ga,1,1001,1001,17.0,17.0,16.1,15.07,11.608266733266733,oracle_benchmark_results_part2_evaluator/medium/hba/smiles_ga/seed_1/results_smiles_ga_hba_1.yaml
medium,hba,smiles_ga,2,1001,1001,16.0,16.0,15.4,13.83,10.839685314685314,oracle_benchmark_results_part2_evaluator/medium/hba/smiles_ga/seed_2/results_smiles_ga_hba_2.yaml
medium,hba,stoned,0,1001,1001,13.0,13.0,12.2,11.31,9.195805781520066,oracle_benchmark_results_part2_evaluator/medium/hba/stoned/seed_0/results_stoned_hba_0.yaml
medium,hba,stoned,1,1001,1001,11.0,11.0,11.0,10.2,8.574491381634239,oracle_benchmark_results_part2_evaluator/medium/hba/stoned/seed_1/results_stoned_hba_1.yaml
medium,hba,stoned,2,1001,1001,10.0,10.0,10.0,9.29,8.216491841491841,oracle_benchmark_results_part2_evaluator/medium/hba/stoned/seed_2/results_stoned_hba_2.yaml
medium,hbd,gpbo,0,1001,1001,19.0,19.0,17.2,13.92,11.294795680509967,oracle_benchmark_results_part2_evaluator/medium/hbd/gpbo/seed_0/results_gp_bo_hbd_0.yaml
medium,hbd,gpbo,1,1001,1001,21.0,21.0,16.8,12.94,10.569820655534938,oracle_benchmark_results_part2_evaluator/medium/hbd/gpbo/seed_1/results_gp_bo_hbd_1.yaml
medium,hbd,gpbo,2,1001,1001,15.0,15.0,14.8,12.27,9.961528947243233,oracle_benchmark_results_part2_evaluator/medium/hbd/gpbo/seed_2/results_gp_bo_hbd_2.yaml
medium,hbd,graph_ga,0,1001,1001,15.0,15.0,12.7,9.02,7.097211122211123,oracle_benchmark_results_part2_evaluator/medium/hbd/graph_ga/seed_0/results_graph_ga_hbd_0.yaml
medium,hbd,graph_ga,1,1001,1001,16.0,16.0,12.2,8.86,6.968689643689643,oracle_benchmark_results_part2_evaluator/medium/hbd/graph_ga/seed_1/results_graph_ga_hbd_1.yaml
medium,hbd,graph_ga,2,1001,1001,11.0,11.0,10.1,8.07,6.542166167166168,oracle_benchmark_results_part2_evaluator/medium/hbd/graph_ga/seed_2/results_graph_ga_hbd_2.yaml
medium,hbd,graph_mcts,0,1000,1000,9.0,9.0,8.2,5.8,7.84902896825397,oracle_benchmark_results_part2_evaluator/medium/hbd/graph_mcts/seed_0/results_graph_mcts_hbd_0.yaml
medium,hbd,graph_mcts,1,1000,1000,10.0,10.0,8.1,5.48,5.982021825396825,oracle_benchmark_results_part2_evaluator/medium/hbd/graph_mcts/seed_1/results_graph_mcts_hbd_1.yaml
medium,hbd,graph_mcts,2,1000,1000,8.0,8.0,6.8,5.09,6.064300000000001,oracle_benchmark_results_part2_evaluator/medium/hbd/graph_mcts/seed_2/results_graph_mcts_hbd_2.yaml
medium,hbd,mimosa,0,1001,1001,4.0,4.0,3.6,2.87,3.249237270665842,oracle_benchmark_results_part2_evaluator/medium/hbd/mimosa/seed_0/results_mimosa_hbd_0.yaml
medium,hbd,mimosa,1,1001,1001,4.0,4.0,3.6,2.86,3.1235118056546627,oracle_benchmark_results_part2_evaluator/medium/hbd/mimosa/seed_1/results_mimosa_hbd_1.yaml
medium,hbd,mimosa,2,1001,1001,4.0,4.0,3.6,2.87,3.14204168847026,oracle_benchmark_results_part2_evaluator/medium/hbd/mimosa/seed_2/results_mimosa_hbd_2.yaml
medium,hbd,moldqn,0,1001,1001,9.0,9.0,8.3,6.63,7.524437070865643,oracle_benchmark_results_part2_evaluator/medium/hbd/moldqn/seed_0/results_moldqn_hbd_0.yaml
medium,hbd,moldqn,1,1001,1001,7.0,7.0,6.1,4.95,5.566511266511267,oracle_benchmark_results_part2_evaluator/medium/hbd/moldqn/seed_1/results_moldqn_hbd_1.yaml
medium,hbd,moldqn,2,1001,1001,9.0,9.0,7.9,6.22,6.421698539555682,oracle_benchmark_results_part2_evaluator/medium/hbd/moldqn/seed_2/results_moldqn_hbd_2.yaml
medium,hbd,reinvent,0,1001,1001,6.0,6.0,6.0,4.9,4.428982921840064,oracle_benchmark_results_part2_evaluator/medium/hbd/reinvent/seed_0/results_reinvent_hbd_0.yaml
medium,hbd,reinvent,1,1001,1001,8.0,8.0,7.4,5.8,4.823907441764585,oracle_benchmark_results_part2_evaluator/medium/hbd/reinvent/seed_1/results_reinvent_hbd_1.yaml
medium,hbd,reinvent,2,1001,1001,9.0,9.0,8.1,6.17,4.9086064728921865,oracle_benchmark_results_part2_evaluator/medium/hbd/reinvent/seed_2/results_reinvent_hbd_2.yaml
medium,hbd,reinvent_selfies,0,1001,1001,9.0,9.0,6.6,5.09,4.923546691403834,oracle_benchmark_results_part2_evaluator/medium/hbd/reinvent_selfies/seed_0/results_reinvent_selfies_hbd_0.yaml
medium,hbd,reinvent_selfies,1,1001,1001,8.0,8.0,6.6,4.56,4.701092954664383,oracle_benchmark_results_part2_evaluator/medium/hbd/reinvent_selfies/seed_1/results_reinvent_selfies_hbd_1.yaml
medium,hbd,reinvent_selfies,2,1001,1001,7.0,7.0,5.7,4.15,4.265305726020012,oracle_benchmark_results_part2_evaluator/medium/hbd/reinvent_selfies/seed_2/results_reinvent_selfies_hbd_2.yaml
medium,hbd,screening,0,1000,1000,4.0,4.0,3.6,2.86,3.2355857142857145,oracle_benchmark_results_part2_evaluator/medium/hbd/screening/seed_0/results_screening_hbd_0.yaml
medium,hbd,screening,1,1000,1000,4.0,4.0,3.6,2.86,3.2741757936507936,oracle_benchmark_results_part2_evaluator/medium/hbd/screening/seed_1/results_screening_hbd_1.yaml
medium,hbd,screening,2,1000,1000,4.0,4.0,3.6,2.86,3.201648015873016,oracle_benchmark_results_part2_evaluator/medium/hbd/screening/seed_2/results_screening_hbd_2.yaml
medium,hbd,selfies_ga,0,1001,1001,6.0,6.0,5.7,4.58,4.0595166738023885,oracle_benchmark_results_part2_evaluator/medium/hbd/selfies_ga/seed_0/results_selfies_ga_hbd_0.yaml
medium,hbd,selfies_ga,1,1001,1001,5.0,5.0,5.0,4.23,3.7155451691165973,oracle_benchmark_results_part2_evaluator/medium/hbd/selfies_ga/seed_1/results_selfies_ga_hbd_1.yaml
medium,hbd,selfies_ga,2,1001,1001,7.0,7.0,6.9,5.39,4.312273837273837,oracle_benchmark_results_part2_evaluator/medium/hbd/selfies_ga/seed_2/results_selfies_ga_hbd_2.yaml
medium,hbd,smiles_ga,0,1000,1000,11.0,11.0,10.1,9.29,6.930008333333333,oracle_benchmark_results_part2_evaluator/medium/hbd/smiles_ga/seed_0/results_smiles_ga_hbd_0.yaml
medium,hbd,smiles_ga,1,1001,1001,11.0,11.0,10.1,9.0,6.490617715617715,oracle_benchmark_results_part2_evaluator/medium/hbd/smiles_ga/seed_1/results_smiles_ga_hbd_1.yaml
medium,hbd,smiles_ga,2,1001,1001,10.0,10.0,9.9,9.09,6.826182151182151,oracle_benchmark_results_part2_evaluator/medium/hbd/smiles_ga/seed_2/results_smiles_ga_hbd_2.yaml
medium,hbd,stoned,0,1001,1001,6.0,6.0,6.0,5.11,4.226565894423038,oracle_benchmark_results_part2_evaluator/medium/hbd/stoned/seed_0/results_stoned_hbd_0.yaml
medium,hbd,stoned,1,1001,1001,6.0,6.0,5.5,5.05,4.0551710194567345,oracle_benchmark_results_part2_evaluator/medium/hbd/stoned/seed_1/results_stoned_hbd_1.yaml
medium,hbd,stoned,2,1001,1001,8.0,8.0,7.2,6.18,4.616080348223206,oracle_benchmark_results_part2_evaluator/medium/hbd/stoned/seed_2/results_stoned_hbd_2.yaml
medium,logp,gpbo,0,1001,1001,16.787939999999974,16.787939999999974,14.312291999999976,11.486753599999988,8.693599286871853,oracle_benchmark_results_part2_evaluator/medium/logp/gpbo/seed_0/results_gp_bo_logp_0.yaml
medium,logp,gpbo,1,1001,1001,13.988139999999978,13.988139999999978,13.25876599999998,11.074890399999989,8.203058928230496,oracle_benchmark_results_part2_evaluator/medium/logp/gpbo/seed_1/results_gp_bo_logp_1.yaml
medium,logp,gpbo,2,1001,1001,14.750839999999977,14.750839999999977,13.412401999999977,11.250670199999986,8.35238197318554,oracle_benchmark_results_part2_evaluator/medium/logp/gpbo/seed_2/results_gp_bo_logp_2.yaml
medium,logp,graph_ga,0,1001,1001,10.80517999999999,10.80517999999999,9.939001999999993,8.098428600000002,7.04197024391482,oracle_benchmark_results_part2_evaluator/medium/logp/graph_ga/seed_0/results_graph_ga_logp_0.yaml
medium,logp,graph_ga,1,1001,1001,12.51449999999998,12.51449999999998,10.63838799999999,8.583464300000003,7.724948918240491,oracle_benchmark_results_part2_evaluator/medium/logp/graph_ga/seed_1/results_graph_ga_logp_1.yaml
medium,logp,graph_ga,2,1001,1001,10.92689999999999,10.92689999999999,9.732179999999996,7.827924500000003,7.052910626532201,oracle_benchmark_results_part2_evaluator/medium/logp/graph_ga/seed_2/results_graph_ga_logp_2.yaml
medium,logp,graph_mcts,0,1000,1000,5.790980000000005,5.790980000000005,5.346217000000004,4.270730500000003,4.997197945658735,oracle_benchmark_results_part2_evaluator/medium/logp/graph_mcts/seed_0/results_graph_mcts_logp_0.yaml
medium,logp,graph_mcts,1,1000,1000,5.910020000000005,5.910020000000005,5.390103000000004,4.076464500000003,4.803161866658734,oracle_benchmark_results_part2_evaluator/medium/logp/graph_mcts/seed_1/results_graph_mcts_logp_1.yaml
medium,logp,graph_mcts,2,1000,1000,6.062900000000005,6.062900000000005,5.419077000000004,4.062236500000002,4.835938215658735,oracle_benchmark_results_part2_evaluator/medium/logp/graph_mcts/seed_2/results_graph_mcts_logp_2.yaml
medium,logp,mimosa,0,1001,1001,7.994220000000007,7.994220000000007,5.6629860000000045,4.635201500000004,5.236058707451284,oracle_benchmark_results_part2_evaluator/medium/logp/mimosa/seed_0/results_mimosa_logp_0.yaml
medium,logp,mimosa,1,1001,1001,7.994220000000007,7.994220000000007,5.767583000000004,4.623420000000003,5.296999058600135,oracle_benchmark_results_part2_evaluator/medium/logp/mimosa/seed_1/results_mimosa_logp_1.yaml
medium,logp,mimosa,2,1001,1001,7.994220000000007,7.994220000000007,5.767583000000004,4.640009800000003,5.290506265393342,oracle_benchmark_results_part2_evaluator/medium/logp/mimosa/seed_2/results_mimosa_logp_2.yaml
medium,logp,moldqn,0,1001,1001,5.188320000000005,5.188320000000005,4.801179000000003,3.3783581000000016,4.698678627031702,oracle_benchmark_results_part2_evaluator/medium/logp/moldqn/seed_0/results_moldqn_logp_0.yaml
medium,logp,moldqn,1,1001,1001,5.188320000000005,5.188320000000005,4.801179000000003,3.2712214000000017,4.698678627031702,oracle_benchmark_results_part2_evaluator/medium/logp/moldqn/seed_1/results_moldqn_logp_1.yaml
medium,logp,moldqn,2,1001,1001,5.188320000000005,5.188320000000005,4.801179000000003,3.4212445000000016,4.698678627031702,oracle_benchmark_results_part2_evaluator/medium/logp/moldqn/seed_2/results_moldqn_logp_2.yaml
medium,logp,reinvent,0,1001,1001,8.495600000000005,8.495600000000005,7.832570000000007,6.084110300000005,5.845638875283453,oracle_benchmark_results_part2_evaluator/medium/logp/reinvent/seed_0/results_reinvent_logp_0.yaml
medium,logp,reinvent,1,1001,1001,7.3171400000000055,7.3171400000000055,6.528620000000005,5.247425300000004,5.4175750541046295,oracle_benchmark_results_part2_evaluator/medium/logp/reinvent/seed_1/results_reinvent_logp_1.yaml
medium,logp,reinvent,2,1001,1001,6.923220000000005,6.923220000000005,6.568186000000004,5.530975900000004,5.366694654504231,oracle_benchmark_results_part2_evaluator/medium/logp/reinvent/seed_2/results_reinvent_logp_2.yaml
medium,logp,reinvent_selfies,0,1001,1001,8.533800000000003,8.533800000000003,7.205691000000006,5.800416100000006,5.397471261397338,oracle_benchmark_results_part2_evaluator/medium/logp/reinvent_selfies/seed_0/results_reinvent_selfies_logp_0.yaml
medium,logp,reinvent_selfies,1,1001,1001,10.309589999999993,10.309589999999993,7.895509000000006,6.1408347000000045,5.769248198460274,oracle_benchmark_results_part2_evaluator/medium/logp/reinvent_selfies/seed_1/results_reinvent_selfies_logp_1.yaml
medium,logp,reinvent_selfies,2,1001,1001,8.540700000000003,8.540700000000003,7.771177000000004,6.069803100000004,5.708650467191543,oracle_benchmark_results_part2_evaluator/medium/logp/reinvent_selfies/seed_2/results_reinvent_selfies_logp_2.yaml
medium,logp,screening,0,1000,1000,7.994220000000007,7.994220000000007,5.782607000000003,4.720921800000003,5.336361717658736,oracle_benchmark_results_part2_evaluator/medium/logp/screening/seed_0/results_screening_logp_0.yaml
medium,logp,screening,1,1000,1000,7.994220000000007,7.994220000000007,5.782607000000003,4.720921800000003,5.408039388658734,oracle_benchmark_results_part2_evaluator/medium/logp/screening/seed_1/results_screening_logp_1.yaml
medium,logp,screening,2,1000,1000,7.994220000000007,7.994220000000007,5.782607000000003,4.720921800000003,5.352252475658735,oracle_benchmark_results_part2_evaluator/medium/logp/screening/seed_2/results_screening_logp_2.yaml
medium,logp,selfies_ga,0,1001,1001,6.260000000000005,6.260000000000005,5.707180000000005,4.7232157000000035,4.015695852615639,oracle_benchmark_results_part2_evaluator/medium/logp/selfies_ga/seed_0/results_selfies_ga_logp_0.yaml
medium,logp,selfies_ga,1,1001,1001,7.278300000000006,7.278300000000006,6.659810000000006,5.286726600000005,4.3618471724148895,oracle_benchmark_results_part2_evaluator/medium/logp/selfies_ga/seed_1/results_selfies_ga_logp_1.yaml
medium,logp,selfies_ga,2,1001,1001,6.234000000000006,6.234000000000006,5.856890000000005,4.880024800000004,3.9898288260549015,oracle_benchmark_results_part2_evaluator/medium/logp/selfies_ga/seed_2/results_selfies_ga_logp_2.yaml
medium,logp,smiles_ga,0,1001,1001,11.762219999999989,11.762219999999989,11.38351599999999,10.316579999999988,7.432921459699034,oracle_benchmark_results_part2_evaluator/medium/logp/smiles_ga/seed_0/results_smiles_ga_logp_0.yaml
medium,logp,smiles_ga,1,1001,1001,12.516139999999988,12.516139999999988,11.865927999999986,10.523227299999988,7.5679350181405916,oracle_benchmark_results_part2_evaluator/medium/logp/smiles_ga/seed_1/results_smiles_ga_logp_1.yaml
medium,logp,smiles_ga,2,1001,1001,12.64551999999998,12.64551999999998,12.153273999999982,11.054006199999986,7.904739360797934,oracle_benchmark_results_part2_evaluator/medium/logp/smiles_ga/seed_2/results_smiles_ga_logp_2.yaml
medium,logp,stoned,0,1001,1001,11.337919999999984,11.337919999999984,10.041381999999993,9.1290096,6.900680393764969,oracle_benchmark_results_part2_evaluator/medium/logp/stoned/seed_0/results_stoned_logp_0.yaml
medium,logp,stoned,1,1001,1001,7.994490000000005,7.994490000000005,7.8705030000000065,7.094503300000006,5.855662882775958,oracle_benchmark_results_part2_evaluator/medium/logp/stoned/seed_1/results_stoned_logp_1.yaml
medium,logp,stoned,2,1001,1001,8.340390000000005,8.340390000000005,7.997539000000005,7.124044000000006,5.956756757900834,oracle_benchmark_results_part2_evaluator/medium/logp/stoned/seed_2/results_stoned_logp_2.yaml
medium,mol_wt,gpbo,0,1001,1001,1160.305309372,1160.305309372,921.204921204373,788.0689181105104,748.5631134650021,oracle_benchmark_results_part2_evaluator/medium/mol_wt/gpbo/seed_0/results_gp_bo_mol_wt_0.yaml
medium,mol_wt,gpbo,1,1001,1001,992.0113037560001,992.0113037560001,891.2227202916359,772.7817220767715,729.9955074930348,oracle_benchmark_results_part2_evaluator/medium/mol_wt/gpbo/seed_1/results_gp_bo_mol_wt_1.yaml
medium,mol_wt,gpbo,2,1001,1001,1000.2597555280001,1000.2597555280001,919.0389315236091,795.1017692344616,750.1336822127598,oracle_benchmark_results_part2_evaluator/medium/mol_wt/gpbo/seed_2/results_gp_bo_mol_wt_2.yaml
medium,mol_wt,graph_ga,0,1001,1001,758.98707420009,758.98707420009,673.2978344432901,561.3829996267551,564.400486752012,oracle_benchmark_results_part2_evaluator/medium/mol_wt/graph_ga/seed_0/results_graph_ga_mol_wt_0.yaml
medium,mol_wt,graph_ga,1,1001,1001,804.9968234080001,804.9968234080001,694.054257075209,584.7301868585452,567.8703319279052,oracle_benchmark_results_part2_evaluator/medium/mol_wt/graph_ga/seed_1/results_graph_ga_mol_wt_1.yaml
medium,mol_wt,graph_ga,2,1001,1001,704.0563229680001,704.0563229680001,667.896188653591,584.044357021879,575.9181062853751,oracle_benchmark_results_part2_evaluator/medium/mol_wt/graph_ga/seed_2/results_graph_ga_mol_wt_2.yaml
medium,mol_wt,graph_mcts,0,1000,1000,460.006843308,460.006843308,422.73812282040006,335.81444332216,395.53213840961877,oracle_benchmark_results_part2_evaluator/medium/mol_wt/graph_mcts/seed_0/results_graph_mcts_mol_wt_0.yaml
medium,mol_wt,graph_mcts,1,1000,1000,445.11712625999996,445.11712625999996,403.4139207007999,341.53633704495996,371.1651078962709,oracle_benchmark_results_part2_evaluator/medium/mol_wt/graph_mcts/seed_1/results_graph_mcts_mol_wt_1.yaml
medium,mol_wt,graph_mcts,2,1000,1000,478.01358660400007,478.01358660400007,447.5137393876001,374.39988985423986,401.81278830424685,oracle_benchmark_results_part2_evaluator/medium/mol_wt/graph_mcts/seed_2/results_graph_mcts_mol_wt_2.yaml
medium,mol_wt,mimosa,0,1001,1001,499.2695732960001,499.2695732960001,495.30760117400007,448.5769069649273,476.39422184162163,oracle_benchmark_results_part2_evaluator/medium/mol_wt/mimosa/seed_0/results_mimosa_mol_wt_0.yaml
medium,mol_wt,mimosa,1,1001,1001,499.2695732960001,499.2695732960001,495.30760117400007,449.16797414056714,475.9832030038389,oracle_benchmark_results_part2_evaluator/medium/mol_wt/mimosa/seed_1/results_mimosa_mol_wt_1.yaml
medium,mol_wt,mimosa,2,1001,1001,562.1167036920001,562.1167036920001,502.6131774084,450.01687746656717,479.78299953895083,oracle_benchmark_results_part2_evaluator/medium/mol_wt/mimosa/seed_2/results_mimosa_mol_wt_2.yaml
medium,mol_wt,moldqn,0,1001,1001,528.0908931920002,528.0908931920002,484.5100289424001,390.66976620044005,386.3459853795031,oracle_benchmark_results_part2_evaluator/medium/mol_wt/moldqn/seed_0/results_moldqn_mol_wt_0.yaml
medium,mol_wt,moldqn,1,1001,1001,483.0846856160001,483.0846856160001,465.13656361840015,363.3299998184801,317.73745795612206,oracle_benchmark_results_part2_evaluator/medium/mol_wt/moldqn/seed_1/results_moldqn_mol_wt_1.yaml
medium,mol_wt,moldqn,2,1001,1001,512.1588536,512.1588536,491.95407979600003,397.3542422251601,331.22672209714847,oracle_benchmark_results_part2_evaluator/medium/mol_wt/moldqn/seed_2/results_moldqn_mol_wt_2.yaml
medium,mol_wt,reinvent,0,1001,1001,645.122295716,645.122295716,590.784957846,508.2744640718036,521.8010514338037,oracle_benchmark_results_part2_evaluator/medium/mol_wt/reinvent/seed_0/results_reinvent_mol_wt_0.yaml
medium,mol_wt,reinvent,1,1001,1001,718.120915812,718.120915812,628.0859948128,530.3268385881128,533.7987143763403,oracle_benchmark_results_part2_evaluator/medium/mol_wt/reinvent/seed_1/results_reinvent_mol_wt_1.yaml
medium,mol_wt,reinvent,2,1001,1001,572.28211214,572.28211214,549.092568302809,477.31870488740987,499.1543556328952,oracle_benchmark_results_part2_evaluator/medium/mol_wt/reinvent/seed_2/results_reinvent_mol_wt_2.yaml
medium,mol_wt,reinvent_selfies,0,1001,1001,655.1867471080001,655.1867471080001,590.162524415991,511.40194730072,520.3164344686061,oracle_benchmark_results_part2_evaluator/medium/mol_wt/reinvent_selfies/seed_0/results_reinvent_selfies_mol_wt_0.yaml
medium,mol_wt,reinvent_selfies,1,1001,1001,623.118964676,623.118964676,573.9236705428091,487.1981031802653,496.64970349073,oracle_benchmark_results_part2_evaluator/medium/mol_wt/reinvent_selfies/seed_1/results_reinvent_selfies_mol_wt_1.yaml
medium,mol_wt,reinvent_selfies,2,1001,1001,682.186208864,682.186208864,612.410842473618,504.66494279945,516.8423854786065,oracle_benchmark_results_part2_evaluator/medium/mol_wt/reinvent_selfies/seed_2/results_reinvent_selfies_mol_wt_2.yaml
medium,mol_wt,screening,0,1000,1000,499.2695732960001,499.2695732960001,495.30760117400007,448.5769069649273,475.92803236945184,oracle_benchmark_results_part2_evaluator/medium/mol_wt/screening/seed_0/results_screening_mol_wt_0.yaml
medium,mol_wt,screening,1,1000,1000,499.2695732960001,499.2695732960001,495.30760117400007,448.5769069649273,479.40455033958455,oracle_benchmark_results_part2_evaluator/medium/mol_wt/screening/seed_1/results_screening_mol_wt_1.yaml
medium,mol_wt,screening,2,1000,1000,499.2695732960001,499.2695732960001,495.30760117400007,448.5769069649273,472.60973823135254,oracle_benchmark_results_part2_evaluator/medium/mol_wt/screening/seed_2/results_screening_mol_wt_2.yaml
medium,mol_wt,selfies_ga,0,1001,1001,389.21434986400004,389.21434986400004,350.3394020960001,285.27773835964,230.78790331989188,oracle_benchmark_results_part2_evaluator/medium/mol_wt/selfies_ga/seed_0/results_selfies_ga_mol_wt_0.yaml
medium,mol_wt,selfies_ga,1,1001,1001,375.19869980000004,375.19869980000004,346.5526197632,279.34175917084,224.4485286143274,oracle_benchmark_results_part2_evaluator/medium/mol_wt/selfies_ga/seed_1/results_selfies_ga_mol_wt_1.yaml
medium,mol_wt,selfies_ga,2,1001,1001,390.147592832,390.147592832,352.74991994360005,296.80151309336,230.09806615490865,oracle_benchmark_results_part2_evaluator/medium/mol_wt/selfies_ga/seed_2/results_selfies_ga_mol_wt_2.yaml
medium,mol_wt,smiles_ga,0,1001,1001,1904.5837510659999,1904.5837510659999,1863.8423660453998,1783.35557213362,1227.65260546667,oracle_benchmark_results_part2_evaluator/medium/mol_wt/smiles_ga/seed_0/results_smiles_ga_mol_wt_0.yaml
medium,mol_wt,smiles_ga,1,1001,1001,1241.504313718,1241.504313718,1200.7585190602,1131.0910542744798,823.1603447571365,oracle_benchmark_results_part2_evaluator/medium/mol_wt/smiles_ga/seed_1/results_smiles_ga_mol_wt_1.yaml
medium,mol_wt,smiles_ga,2,1001,1001,1441.266544534,1441.266544534,1373.4156762462,1266.51788515262,952.450142231299,oracle_benchmark_results_part2_evaluator/medium/mol_wt/smiles_ga/seed_2/results_smiles_ga_mol_wt_2.yaml
medium,mol_wt,stoned,0,1001,1001,757.06884603209,757.06884603209,716.0785482506899,664.3743239689455,545.2084707469206,oracle_benchmark_results_part2_evaluator/medium/mol_wt/stoned/seed_0/results_stoned_mol_wt_0.yaml
medium,mol_wt,stoned,1,1001,1001,736.9951091560001,736.9951091560001,652.9251829216,621.0608805489334,519.320019602219,oracle_benchmark_results_part2_evaluator/medium/mol_wt/stoned/seed_1/results_stoned_mol_wt_1.yaml
medium,mol_wt,stoned,2,1001,1001,728.083270328,728.083270328,676.518094430182,639.0671495847001,535.5807196877607,oracle_benchmark_results_part2_evaluator/medium/mol_wt/stoned/seed_2/results_stoned_mol_wt_2.yaml
medium,qed,gpbo,0,1001,1001,0.9440517923484039,0.9440517923484039,0.9342002842545781,0.8819653705800907,0.9169431323074817,oracle_benchmark_results_part2_evaluator/medium/qed/gpbo/seed_0/results_gp_bo_qed_0.yaml
medium,qed,gpbo,1,1001,1001,0.9440517923484039,0.9440517923484039,0.9342002842545781,0.892213508671239,0.9169431323074817,oracle_benchmark_results_part2_evaluator/medium/qed/gpbo/seed_1/results_gp_bo_qed_1.yaml
medium,qed,gpbo,2,1001,1001,0.9461948821503401,0.9461948821503401,0.9379507711154542,0.8957678414272765,0.9181505409310131,oracle_benchmark_results_part2_evaluator/medium/qed/gpbo/seed_2/results_gp_bo_qed_2.yaml
medium,qed,graph_ga,0,1001,1001,0.9468778747111934,0.9468778747111934,0.9403267947025867,0.9135079723643798,0.9239718605962915,oracle_benchmark_results_part2_evaluator/medium/qed/graph_ga/seed_0/results_graph_ga_qed_0.yaml
medium,qed,graph_ga,1,1001,1001,0.9463105834992671,0.9463105834992671,0.9399073684968784,0.9158347931278078,0.9219675381614716,oracle_benchmark_results_part2_evaluator/medium/qed/graph_ga/seed_1/results_graph_ga_qed_1.yaml
medium,qed,graph_ga,2,1001,1001,0.9431532679834695,0.9431532679834695,0.9397123320163446,0.9123201656458244,0.9225107176244943,oracle_benchmark_results_part2_evaluator/medium/qed/graph_ga/seed_2/results_graph_ga_qed_2.yaml
medium,qed,graph_mcts,0,1000,1000,0.9301469740639712,0.9301469740639712,0.9097281783496974,0.8326413589456846,0.9022033729923284,oracle_benchmark_results_part2_evaluator/medium/qed/graph_mcts/seed_0/results_graph_mcts_qed_0.yaml
medium,qed,graph_mcts,1,1000,1000,0.9301469740639712,0.9301469740639712,0.9097281783496974,0.8296720216678811,0.9022033729923284,oracle_benchmark_results_part2_evaluator/medium/qed/graph_mcts/seed_1/results_graph_mcts_qed_1.yaml
medium,qed,graph_mcts,2,1000,1000,0.9311467661518863,0.9311467661518863,0.9139109218785922,0.8392370561225846,0.9038158206227174,oracle_benchmark_results_part2_evaluator/medium/qed/graph_mcts/seed_2/results_graph_mcts_qed_2.yaml
medium,qed,mimosa,0,1001,1001,0.9440517923484039,0.9440517923484039,0.9350633306872723,0.8996879170946864,0.9146578108747982,oracle_benchmark_results_part2_evaluator/medium/qed/mimosa/seed_0/results_mimosa_qed_0.yaml
medium,qed,mimosa,1,1001,1001,0.9440517923484039,0.9440517923484039,0.9352503001076254,0.8995282565971567,0.9161403098666986,oracle_benchmark_results_part2_evaluator/medium/qed/mimosa/seed_1/results_mimosa_qed_1.yaml
medium,qed,mimosa,2,1001,1001,0.9440517923484039,0.9440517923484039,0.9361042180243164,0.8998852202508862,0.915690473718873,oracle_benchmark_results_part2_evaluator/medium/qed/mimosa/seed_2/results_mimosa_qed_2.yaml
medium,qed,moldqn,0,1001,1001,0.9301469740639712,0.9301469740639712,0.9097281783496974,0.8118336550405914,0.9022108902803977,oracle_benchmark_results_part2_evaluator/medium/qed/moldqn/seed_0/results_moldqn_qed_0.yaml
medium,qed,moldqn,1,1001,1001,0.9301469740639712,0.9301469740639712,0.9097281783496974,0.8118336550405914,0.9022108902803977,oracle_benchmark_results_part2_evaluator/medium/qed/moldqn/seed_1/results_moldqn_qed_1.yaml
medium,qed,moldqn,2,1001,1001,0.9301469740639712,0.9301469740639712,0.9097281783496974,0.8118566538224151,0.9022108902803977,oracle_benchmark_results_part2_evaluator/medium/qed/moldqn/seed_2/results_moldqn_qed_2.yaml
medium,qed,reinvent,0,1001,1001,0.9395320923335592,0.9395320923335592,0.9332930660127895,0.9103444491135115,0.9151807630125901,oracle_benchmark_results_part2_evaluator/medium/qed/reinvent/seed_0/results_reinvent_qed_0.yaml
medium,qed,reinvent,1,1001,1001,0.9460649370608054,0.9460649370608054,0.9355234391546994,0.9084546502147924,0.9141336207917168,oracle_benchmark_results_part2_evaluator/medium/qed/reinvent/seed_1/results_reinvent_qed_1.yaml
medium,qed,reinvent,2,1001,1001,0.9413883341675982,0.9413883341675982,0.9361574730233135,0.9064226559131388,0.9162605785804169,oracle_benchmark_results_part2_evaluator/medium/qed/reinvent/seed_2/results_reinvent_qed_2.yaml
medium,qed,reinvent_selfies,0,1001,1001,0.9403483365553592,0.9403483365553592,0.9269459809092245,0.8938753545044498,0.9116033320403428,oracle_benchmark_results_part2_evaluator/medium/qed/reinvent_selfies/seed_0/results_reinvent_selfies_qed_0.yaml
medium,qed,reinvent_selfies,1,1001,1001,0.94284483049827,0.94284483049827,0.931944455507692,0.9019941501248347,0.9127987532172502,oracle_benchmark_results_part2_evaluator/medium/qed/reinvent_selfies/seed_1/results_reinvent_selfies_qed_1.yaml
medium,qed,reinvent_selfies,2,1001,1001,0.9467081842686145,0.9467081842686145,0.9370414581951799,0.9055139383596466,0.9158475844675883,oracle_benchmark_results_part2_evaluator/medium/qed/reinvent_selfies/seed_2/results_reinvent_selfies_qed_2.yaml
medium,qed,screening,0,1000,1000,0.9440517923484039,0.9440517923484039,0.9361042180243164,0.9047413471822934,0.9200985045718771,oracle_benchmark_results_part2_evaluator/medium/qed/screening/seed_0/results_screening_qed_0.yaml
medium,qed,screening,1,1000,1000,0.9440517923484039,0.9440517923484039,0.9361042180243164,0.9047413471822934,0.9185538093565037,oracle_benchmark_results_part2_evaluator/medium/qed/screening/seed_1/results_screening_qed_1.yaml
medium,qed,screening,2,1000,1000,0.9440517923484039,0.9440517923484039,0.9361042180243164,0.9047413471822934,0.9192296605524957,oracle_benchmark_results_part2_evaluator/medium/qed/screening/seed_2/results_screening_qed_2.yaml
medium,qed,selfies_ga,0,1001,1001,0.6984098946715518,0.6984098946715518,0.6172899569580418,0.5449042390570898,0.5239991849361452,oracle_benchmark_results_part2_evaluator/medium/qed/selfies_ga/seed_0/results_selfies_ga_qed_0.yaml
medium,qed,selfies_ga,1,1001,1001,0.7294474815557132,0.7294474815557132,0.6583370188050918,0.5649810488806581,0.5538055560140187,oracle_benchmark_results_part2_evaluator/medium/qed/selfies_ga/seed_1/results_selfies_ga_qed_1.yaml
medium,qed,selfies_ga,2,1001,1001,0.857457246615497,0.857457246615497,0.7806043753812306,0.6390284265259376,0.6071827926894098,oracle_benchmark_results_part2_evaluator/medium/qed/selfies_ga/seed_2/results_selfies_ga_qed_2.yaml
medium,qed,smiles_ga,0,1001,1001,0.9432773148882648,0.9432773148882648,0.941735867028313,0.9355224343791524,0.920892388283978,oracle_benchmark_results_part2_evaluator/medium/qed/smiles_ga/seed_0/results_smiles_ga_qed_0.yaml
medium,qed,smiles_ga,1,1001,1001,0.9432773148882648,0.9432773148882648,0.9411244660388842,0.932786420391541,0.9188359213298047,oracle_benchmark_results_part2_evaluator/medium/qed/smiles_ga/seed_1/results_smiles_ga_qed_1.yaml
medium,qed,smiles_ga,2,1001,1001,0.9408770690193035,0.9408770690193035,0.9385133747177626,0.9279104533116608,0.9183197681192312,oracle_benchmark_results_part2_evaluator/medium/qed/smiles_ga/seed_2/results_smiles_ga_qed_2.yaml
medium,qed,stoned,0,1001,1001,0.9473358479167044,0.9473358479167044,0.9438804707745614,0.9129165963283614,0.9218614659768971,oracle_benchmark_results_part2_evaluator/medium/qed/stoned/seed_0/results_stoned_qed_0.yaml
medium,qed,stoned,1,1001,1001,0.9436182191987191,0.9436182191987191,0.9417651618299777,0.9135476090110971,0.9217588301274683,oracle_benchmark_results_part2_evaluator/medium/qed/stoned/seed_1/results_stoned_qed_1.yaml
medium,qed,stoned,2,1001,1001,0.9481442791405461,0.9481442791405461,0.9463495571148423,0.9202395314538337,0.9241790920738834,oracle_benchmark_results_part2_evaluator/medium/qed/stoned/seed_2/results_stoned_qed_2.yaml
medium,rot_bonds,gpbo,0,1001,1001,36.0,36.0,32.7,26.53,22.314353503639218,oracle_benchmark_results_part2_evaluator/medium/rot_bonds/gpbo/seed_0/results_gp_bo_rot_bonds_0.yaml
medium,rot_bonds,gpbo,1,1001,1001,35.0,35.0,30.1,24.46,20.358109747395464,oracle_benchmark_results_part2_evaluator/medium/rot_bonds/gpbo/seed_1/results_gp_bo_rot_bonds_1.yaml
medium,rot_bonds,gpbo,2,1001,1001,33.0,33.0,30.3,24.37,21.099468388754104,oracle_benchmark_results_part2_evaluator/medium/rot_bonds/gpbo/seed_2/results_gp_bo_rot_bonds_2.yaml
medium,rot_bonds,graph_ga,0,1001,1001,22.0,22.0,19.5,15.58,13.26647717362003,oracle_benchmark_results_part2_evaluator/medium/rot_bonds/graph_ga/seed_0/results_graph_ga_rot_bonds_0.yaml
medium,rot_bonds,graph_ga,1,1001,1001,22.0,22.0,20.0,16.01,13.840652997795855,oracle_benchmark_results_part2_evaluator/medium/rot_bonds/graph_ga/seed_1/results_graph_ga_rot_bonds_1.yaml
medium,rot_bonds,graph_ga,2,1001,1001,26.0,26.0,20.4,15.8,13.618974676117533,oracle_benchmark_results_part2_evaluator/medium/rot_bonds/graph_ga/seed_2/results_graph_ga_rot_bonds_2.yaml
medium,rot_bonds,graph_mcts,0,1000,1000,9.0,9.0,8.1,5.91,6.5333499999999995,oracle_benchmark_results_part2_evaluator/medium/rot_bonds/graph_mcts/seed_0/results_graph_mcts_rot_bonds_0.yaml
medium,rot_bonds,graph_mcts,1,1000,1000,9.0,9.0,8.0,5.38,5.5047999999999995,oracle_benchmark_results_part2_evaluator/medium/rot_bonds/graph_mcts/seed_1/results_graph_mcts_rot_bonds_1.yaml
medium,rot_bonds,graph_mcts,2,1000,1000,10.0,10.0,7.9,5.72,5.834849999999999,oracle_benchmark_results_part2_evaluator/medium/rot_bonds/graph_mcts/seed_2/results_graph_mcts_rot_bonds_2.yaml
medium,rot_bonds,mimosa,0,1001,1001,7.0,7.0,7.0,7.0,6.951684426684427,oracle_benchmark_results_part2_evaluator/medium/rot_bonds/mimosa/seed_0/results_mimosa_rot_bonds_0.yaml
medium,rot_bonds,mimosa,1,1001,1001,7.0,7.0,7.0,7.0,6.87148446791304,oracle_benchmark_results_part2_evaluator/medium/rot_bonds/mimosa/seed_1/results_mimosa_rot_bonds_1.yaml
medium,rot_bonds,mimosa,2,1001,1001,7.0,7.0,7.0,7.0,6.912454608883181,oracle_benchmark_results_part2_evaluator/medium/rot_bonds/mimosa/seed_2/results_mimosa_rot_bonds_2.yaml
medium,rot_bonds,moldqn,0,1001,1001,17.0,17.0,15.7,12.09,10.92463330320473,oracle_benchmark_results_part2_evaluator/medium/rot_bonds/moldqn/seed_0/results_moldqn_rot_bonds_0.yaml
medium,rot_bonds,moldqn,1,1001,1001,15.0,15.0,13.8,10.23,8.965658944230373,oracle_benchmark_results_part2_evaluator/medium/rot_bonds/moldqn/seed_1/results_moldqn_rot_bonds_1.yaml
medium,rot_bonds,moldqn,2,1001,1001,16.0,16.0,15.1,12.02,11.127722277722278,oracle_benchmark_results_part2_evaluator/medium/rot_bonds/moldqn/seed_2/results_moldqn_rot_bonds_2.yaml
medium,rot_bonds,reinvent,0,1001,1001,20.0,20.0,16.4,12.67,10.559351759351761,oracle_benchmark_results_part2_evaluator/medium/rot_bonds/reinvent/seed_0/results_reinvent_rot_bonds_0.yaml
medium,rot_bonds,reinvent,1,1001,1001,15.0,15.0,12.9,10.34,9.725070960785246,oracle_benchmark_results_part2_evaluator/medium/rot_bonds/reinvent/seed_1/results_reinvent_rot_bonds_1.yaml
medium,rot_bonds,reinvent,2,1001,1001,16.0,16.0,13.1,10.14,9.380333555333554,oracle_benchmark_results_part2_evaluator/medium/rot_bonds/reinvent/seed_2/results_reinvent_rot_bonds_2.yaml
medium,rot_bonds,reinvent_selfies,0,1001,1001,16.0,16.0,13.4,10.33,11.07691514834372,oracle_benchmark_results_part2_evaluator/medium/rot_bonds/reinvent_selfies/seed_0/results_reinvent_selfies_rot_bonds_0.yaml
medium,rot_bonds,reinvent_selfies,1,1001,1001,16.0,16.0,13.5,10.25,11.206020170305885,oracle_benchmark_results_part2_evaluator/medium/rot_bonds/reinvent_selfies/seed_1/results_reinvent_selfies_rot_bonds_1.yaml
medium,rot_bonds,reinvent_selfies,2,1001,1001,20.0,20.0,16.0,11.47,11.436251446965734,oracle_benchmark_results_part2_evaluator/medium/rot_bonds/reinvent_selfies/seed_2/results_reinvent_selfies_rot_bonds_2.yaml
medium,rot_bonds,screening,0,1000,1000,7.0,7.0,7.0,7.0,6.951075396825397,oracle_benchmark_results_part2_evaluator/medium/rot_bonds/screening/seed_0/results_screening_rot_bonds_0.yaml
medium,rot_bonds,screening,1,1000,1000,7.0,7.0,7.0,7.0,6.930722222222222,oracle_benchmark_results_part2_evaluator/medium/rot_bonds/screening/seed_1/results_screening_rot_bonds_1.yaml
medium,rot_bonds,screening,2,1000,1000,7.0,7.0,7.0,7.0,6.898266666666666,oracle_benchmark_results_part2_evaluator/medium/rot_bonds/screening/seed_2/results_screening_rot_bonds_2.yaml
medium,rot_bonds,selfies_ga,0,1001,1001,11.0,11.0,10.3,8.27,6.043706293706293,oracle_benchmark_results_part2_evaluator/medium/rot_bonds/selfies_ga/seed_0/results_selfies_ga_rot_bonds_0.yaml
medium,rot_bonds,selfies_ga,1,1001,1001,12.0,12.0,10.1,7.83,5.899450549450549,oracle_benchmark_results_part2_evaluator/medium/rot_bonds/selfies_ga/seed_1/results_selfies_ga_rot_bonds_1.yaml
medium,rot_bonds,selfies_ga,2,1001,1001,9.0,9.0,8.6,7.17,5.2104974390688685,oracle_benchmark_results_part2_evaluator/medium/rot_bonds/selfies_ga/seed_2/results_selfies_ga_rot_bonds_2.yaml
medium,rot_bonds,smiles_ga,0,662,662,8.0,8.0,8.0,8.0,7.594099170383159,oracle_benchmark_results_part2_evaluator/medium/rot_bonds/smiles_ga/seed_0/results_smiles_ga_rot_bonds_0.yaml
medium,rot_bonds,smiles_ga,1,729,729,9.0,9.0,9.0,9.0,8.325917216452197,oracle_benchmark_results_part2_evaluator/medium/rot_bonds/smiles_ga/seed_1/results_smiles_ga_rot_bonds_1.yaml
medium,rot_bonds,smiles_ga,2,607,607,8.0,8.0,8.0,8.0,7.6408462121806435,oracle_benchmark_results_part2_evaluator/medium/rot_bonds/smiles_ga/seed_2/results_smiles_ga_rot_bonds_2.yaml
medium,rot_bonds,stoned,0,1001,1001,16.0,16.0,15.2,13.83,10.232561089703946,oracle_benchmark_results_part2_evaluator/medium/rot_bonds/stoned/seed_0/results_stoned_rot_bonds_0.yaml
medium,rot_bonds,stoned,1,1001,1001,16.0,16.0,15.1,13.6,10.246899529042386,oracle_benchmark_results_part2_evaluator/medium/rot_bonds/stoned/seed_1/results_stoned_rot_bonds_1.yaml
medium,rot_bonds,stoned,2,1001,1001,15.0,15.0,14.1,12.44,9.364438339438337,oracle_benchmark_results_part2_evaluator/medium/rot_bonds/stoned/seed_2/results_stoned_rot_bonds_2.yaml
medium,sascore,gpbo,0,1001,1001,8.942550447629651,8.942550447629651,8.814184609067986,8.620270800481727,8.533002198877819,oracle_benchmark_results_part2_evaluator/medium/sascore/gpbo/seed_0/results_gp_bo_sascore_0.yaml
medium,sascore,gpbo,1,1001,1001,8.942550447629651,8.942550447629651,8.841129426885345,8.652490005112877,8.57317237910446,oracle_benchmark_results_part2_evaluator/medium/sascore/gpbo/seed_1/results_gp_bo_sascore_1.yaml
medium,sascore,gpbo,2,1001,1001,8.942550447629651,8.942550447629651,8.832713934255231,8.65444211592169,8.56261250019269,oracle_benchmark_results_part2_evaluator/medium/sascore/gpbo/seed_2/results_gp_bo_sascore_2.yaml
medium,sascore,graph_ga,0,1001,1001,9.0,9.0,8.995628408203993,8.735230810259763,8.68056487038529,oracle_benchmark_results_part2_evaluator/medium/sascore/graph_ga/seed_0/results_graph_ga_sascore_0.yaml
medium,sascore,graph_ga,1,1001,1001,9.0,9.0,8.997584451509457,8.734824375036883,8.696824596313458,oracle_benchmark_results_part2_evaluator/medium/sascore/graph_ga/seed_1/results_graph_ga_sascore_1.yaml
medium,sascore,graph_ga,2,1001,1001,9.0,9.0,8.999002737738982,8.769204802767586,8.747765053640068,oracle_benchmark_results_part2_evaluator/medium/sascore/graph_ga/seed_2/results_graph_ga_sascore_2.yaml
medium,sascore,graph_mcts,0,1000,1000,9.0,9.0,8.78250792255399,7.918122698680817,8.644514480118163,oracle_benchmark_results_part2_evaluator/medium/sascore/graph_mcts/seed_0/results_graph_mcts_sascore_0.yaml
medium,sascore,graph_mcts,1,1000,1000,9.0,9.0,8.900514936641187,8.11909416419083,8.72828452493621,oracle_benchmark_results_part2_evaluator/medium/sascore/graph_mcts/seed_1/results_graph_mcts_sascore_1.yaml
medium,sascore,graph_mcts,2,1000,1000,9.0,9.0,8.92692987113936,8.022440215018788,8.774379474922743,oracle_benchmark_results_part2_evaluator/medium/sascore/graph_mcts/seed_2/results_graph_mcts_sascore_2.yaml
medium,sascore,mimosa,0,1001,1001,8.66793054365497,8.66793054365497,8.352685526716238,8.04424829626118,8.205099037221816,oracle_benchmark_results_part2_evaluator/medium/sascore/mimosa/seed_0/results_mimosa_sascore_0.yaml
medium,sascore,mimosa,1,1001,1001,8.66793054365497,8.66793054365497,8.352685526716238,8.045076691584445,8.170339319090123,oracle_benchmark_results_part2_evaluator/medium/sascore/mimosa/seed_1/results_mimosa_sascore_1.yaml
medium,sascore,mimosa,2,1001,1001,8.66793054365497,8.66793054365497,8.352685526716238,8.042297635281923,8.221698325891738,oracle_benchmark_results_part2_evaluator/medium/sascore/mimosa/seed_2/results_mimosa_sascore_2.yaml
medium,sascore,moldqn,0,1001,1001,8.270584105783612,8.270584105783612,7.758892487196805,6.780788271373823,7.371514695268794,oracle_benchmark_results_part2_evaluator/medium/sascore/moldqn/seed_0/results_moldqn_sascore_0.yaml
medium,sascore,moldqn,1,1001,1001,8.433548297867686,8.433548297867686,8.070055353644594,6.868138482043324,7.586568246798768,oracle_benchmark_results_part2_evaluator/medium/sascore/moldqn/seed_1/results_moldqn_sascore_1.yaml
medium,sascore,moldqn,2,1001,1001,8.485069261224329,8.485069261224329,7.922936128207492,6.88478360989321,7.6865446435053055,oracle_benchmark_results_part2_evaluator/medium/sascore/moldqn/seed_2/results_moldqn_sascore_2.yaml
medium,sascore,reinvent,0,1001,1001,8.734680533544058,8.734680533544058,8.58074631470159,8.319994885675143,8.285922108522573,oracle_benchmark_results_part2_evaluator/medium/sascore/reinvent/seed_0/results_reinvent_sascore_0.yaml
medium,sascore,reinvent,1,1001,1001,8.707903193836918,8.707903193836918,8.595743654487782,8.446673239487607,8.378665774007652,oracle_benchmark_results_part2_evaluator/medium/sascore/reinvent/seed_1/results_reinvent_sascore_1.yaml
medium,sascore,reinvent,2,1001,1001,8.973110338411544,8.973110338411544,8.683401188832963,8.423451792147269,8.332512813247975,oracle_benchmark_results_part2_evaluator/medium/sascore/reinvent/seed_2/results_reinvent_sascore_2.yaml
medium,sascore,reinvent_selfies,0,1001,1001,8.623753181384103,8.623753181384103,8.389266822994797,8.06359676978036,8.16676890908366,oracle_benchmark_results_part2_evaluator/medium/sascore/reinvent_selfies/seed_0/results_reinvent_selfies_sascore_0.yaml
medium,sascore,reinvent_selfies,1,1001,1001,8.649802534718473,8.649802534718473,8.394816638249344,8.149676355957526,8.140519960648023,oracle_benchmark_results_part2_evaluator/medium/sascore/reinvent_selfies/seed_1/results_reinvent_selfies_sascore_1.yaml
medium,sascore,reinvent_selfies,2,1001,1001,8.577633063113206,8.577633063113206,8.465016406286733,8.230873747855785,8.226952946958955,oracle_benchmark_results_part2_evaluator/medium/sascore/reinvent_selfies/seed_2/results_reinvent_selfies_sascore_2.yaml
medium,sascore,screening,0,1000,1000,8.66793054365497,8.66793054365497,8.352685526716238,8.042297635281923,8.247032117347805,oracle_benchmark_results_part2_evaluator/medium/sascore/screening/seed_0/results_screening_sascore_0.yaml
medium,sascore,screening,1,1000,1000,8.66793054365497,8.66793054365497,8.352685526716238,8.042297635281923,8.197084073425488,oracle_benchmark_results_part2_evaluator/medium/sascore/screening/seed_1/results_screening_sascore_1.yaml
medium,sascore,screening,2,1000,1000,8.66793054365497,8.66793054365497,8.352685526716238,8.042297635281923,8.190745566333792,oracle_benchmark_results_part2_evaluator/medium/sascore/screening/seed_2/results_screening_sascore_2.yaml
medium,sascore,selfies_ga,0,1001,1001,9.0,9.0,8.409025447909563,7.592418218583539,8.147494747553889,oracle_benchmark_results_part2_evaluator/medium/sascore/selfies_ga/seed_0/results_selfies_ga_sascore_0.yaml
medium,sascore,selfies_ga,1,1001,1001,9.0,9.0,8.79537896573094,8.173090043142656,8.332337672977713,oracle_benchmark_results_part2_evaluator/medium/sascore/selfies_ga/seed_1/results_selfies_ga_sascore_1.yaml
medium,sascore,selfies_ga,2,1001,1001,9.0,9.0,8.907299655173674,8.242811712428926,8.438814246779124,oracle_benchmark_results_part2_evaluator/medium/sascore/selfies_ga/seed_2/results_selfies_ga_sascore_2.yaml
medium,sascore,smiles_ga,0,1001,1001,8.66793054365497,8.66793054365497,8.31783940847276,7.929335794645572,8.130296466488135,oracle_benchmark_results_part2_evaluator/medium/sascore/smiles_ga/seed_0/results_smiles_ga_sascore_0.yaml
medium,sascore,smiles_ga,1,1001,1001,8.66793054365497,8.66793054365497,8.456031000915406,8.074463992685972,8.25078788019851,oracle_benchmark_results_part2_evaluator/medium/sascore/smiles_ga/seed_1/results_smiles_ga_sascore_1.yaml
medium,sascore,smiles_ga,2,1001,1001,8.66793054365497,8.66793054365497,8.314987384181261,7.98727545580929,8.161104982794305,oracle_benchmark_results_part2_evaluator/medium/sascore/smiles_ga/seed_2/results_smiles_ga_sascore_2.yaml
medium,sascore,stoned,0,1001,1001,9.0,9.0,8.74442263399967,8.125365453952925,8.28763363629453,oracle_benchmark_results_part2_evaluator/medium/sascore/stoned/seed_0/results_stoned_sascore_0.yaml
medium,sascore,stoned,1,1001,1001,8.779348802774829,8.779348802774829,8.619684227014622,8.177784798457854,8.294923744452229,oracle_benchmark_results_part2_evaluator/medium/sascore/stoned/seed_1/results_stoned_sascore_1.yaml
medium,sascore,stoned,2,1001,1001,8.57623413339856,8.57623413339856,8.400664557833938,7.994731583804488,8.190055793830249,oracle_benchmark_results_part2_evaluator/medium/sascore/stoned/seed_2/results_stoned_sascore_2.yaml
medium,tpsa,gpbo,0,1001,1001,454.6999999999999,454.6999999999999,414.465,346.54189999999994,248.47454989454985,oracle_benchmark_results_part2_evaluator/medium/tpsa/gpbo/seed_0/results_gp_bo_tpsa_0.yaml
medium,tpsa,gpbo,1,1001,1001,422.4299999999999,422.4299999999999,404.04899999999986,323.11799999999994,240.86115229215224,oracle_benchmark_results_part2_evaluator/medium/tpsa/gpbo/seed_1/results_gp_bo_tpsa_1.yaml
medium,tpsa,gpbo,2,1001,1001,461.5399999999999,461.5399999999999,428.39399999999995,346.79169999999993,247.01372921522915,oracle_benchmark_results_part2_evaluator/medium/tpsa/gpbo/seed_2/results_gp_bo_tpsa_2.yaml
medium,tpsa,graph_ga,0,1001,1001,299.54999999999995,299.54999999999995,266.205,208.10229999999996,179.2955518925519,oracle_benchmark_results_part2_evaluator/medium/tpsa/graph_ga/seed_0/results_graph_ga_tpsa_0.yaml
medium,tpsa,graph_ga,1,1001,1001,313.94999999999993,313.94999999999993,297.755,249.2957999999999,205.7625548895549,oracle_benchmark_results_part2_evaluator/medium/tpsa/graph_ga/seed_1/results_graph_ga_tpsa_1.yaml
medium,tpsa,graph_ga,2,1001,1001,276.99,276.99,261.049,209.3791,184.7440763680763,oracle_benchmark_results_part2_evaluator/medium/tpsa/graph_ga/seed_2/results_graph_ga_tpsa_2.yaml
medium,tpsa,graph_mcts,0,1000,1000,188.89999999999998,188.89999999999998,173.878,129.6625,148.05769794444444,oracle_benchmark_results_part2_evaluator/medium/tpsa/graph_mcts/seed_0/results_graph_mcts_tpsa_0.yaml
medium,tpsa,graph_mcts,1,1000,1000,164.97,164.97,158.236,115.81220000000002,128.34570694444446,oracle_benchmark_results_part2_evaluator/medium/tpsa/graph_mcts/seed_1/results_graph_mcts_tpsa_1.yaml
medium,tpsa,graph_mcts,2,1000,1000,214.73999999999998,214.73999999999998,195.03799999999995,125.09550000000002,153.93291094444447,oracle_benchmark_results_part2_evaluator/medium/tpsa/graph_mcts/seed_2/results_graph_mcts_tpsa_2.yaml
medium,tpsa,mimosa,0,1001,1001,185.97000000000003,185.97000000000003,164.72599999999997,115.7912,149.00198995448994,oracle_benchmark_results_part2_evaluator/medium/tpsa/mimosa/seed_0/results_mimosa_tpsa_0.yaml
medium,tpsa,mimosa,1,1001,1001,185.97000000000003,185.97000000000003,164.72599999999997,116.58149999999998,149.00198995448994,oracle_benchmark_results_part2_evaluator/medium/tpsa/mimosa/seed_1/results_mimosa_tpsa_1.yaml
medium,tpsa,mimosa,2,1001,1001,185.97000000000003,185.97000000000003,164.72599999999997,116.30419999999998,149.00198995448994,oracle_benchmark_results_part2_evaluator/medium/tpsa/mimosa/seed_2/results_mimosa_tpsa_2.yaml
medium,tpsa,moldqn,0,1001,1001,335.3599999999999,335.3599999999999,298.332,197.53680000000003,170.18503690753693,oracle_benchmark_results_part2_evaluator/medium/tpsa/moldqn/seed_0/results_moldqn_tpsa_0.yaml
medium,tpsa,moldqn,1,1001,1001,268.19,268.19,256.255,202.7342,182.33418226218225,oracle_benchmark_results_part2_evaluator/medium/tpsa/moldqn/seed_1/results_moldqn_tpsa_1.yaml
medium,tpsa,moldqn,2,1001,1001,312.47,312.47,301.76500000000004,235.9235,188.27004440004438,oracle_benchmark_results_part2_evaluator/medium/tpsa/moldqn/seed_2/results_moldqn_tpsa_2.yaml
medium,tpsa,reinvent,0,1001,1001,185.97000000000003,185.97000000000003,164.72599999999997,123.78009999999999,149.00198995448994,oracle_benchmark_results_part2_evaluator/medium/tpsa/reinvent/seed_0/results_reinvent_tpsa_0.yaml
medium,tpsa,reinvent,1,1001,1001,214.82,214.82,192.92699999999996,150.6693,154.36757886557888,oracle_benchmark_results_part2_evaluator/medium/tpsa/reinvent/seed_1/results_reinvent_tpsa_1.yaml
medium,tpsa,reinvent,2,1001,1001,185.97000000000003,185.97000000000003,169.96099999999998,132.04969999999997,149.4895069375069,oracle_benchmark_results_part2_evaluator/medium/tpsa/reinvent/seed_2/results_reinvent_tpsa_2.yaml
medium,tpsa,reinvent_selfies,0,1001,1001,187.46,187.46,172.43,133.6707,150.27518076368074,oracle_benchmark_results_part2_evaluator/medium/tpsa/reinvent_selfies/seed_0/results_reinvent_selfies_tpsa_0.yaml
medium,tpsa,reinvent_selfies,1,1001,1001,188.03,188.03,175.32799999999997,133.98239999999998,151.8808441003441,oracle_benchmark_results_part2_evaluator/medium/tpsa/reinvent_selfies/seed_1/results_reinvent_selfies_tpsa_1.yaml
medium,tpsa,reinvent_selfies,2,1001,1001,189.98999999999998,189.98999999999998,180.86499999999998,138.2358,153.3785269175269,oracle_benchmark_results_part2_evaluator/medium/tpsa/reinvent_selfies/seed_2/results_reinvent_selfies_tpsa_2.yaml
medium,tpsa,screening,0,1000,1000,136.76,136.76,131.423,108.55180000000001,122.51675344444445,oracle_benchmark_results_part2_evaluator/medium/tpsa/screening/seed_0/results_screening_tpsa_0.yaml
medium,tpsa,screening,1,1000,1000,136.76,136.76,131.423,108.55180000000001,123.16327444444443,oracle_benchmark_results_part2_evaluator/medium/tpsa/screening/seed_1/results_screening_tpsa_1.yaml
medium,tpsa,screening,2,1000,1000,136.76,136.76,131.423,108.55180000000001,121.05398844444443,oracle_benchmark_results_part2_evaluator/medium/tpsa/screening/seed_2/results_screening_tpsa_2.yaml
medium,tpsa,selfies_ga,0,1001,1001,142.16,142.16,131.897,117.41879999999998,99.21359804481234,oracle_benchmark_results_part2_evaluator/medium/tpsa/selfies_ga/seed_0/results_selfies_ga_tpsa_0.yaml
medium,tpsa,selfies_ga,1,1001,1001,126.67,126.67,120.518,106.84030000000003,90.80256757528188,oracle_benchmark_results_part2_evaluator/medium/tpsa/selfies_ga/seed_1/results_selfies_ga_tpsa_1.yaml
medium,tpsa,selfies_ga,2,1001,1001,128.84,128.84,121.453,105.06159999999998,85.24214050235483,oracle_benchmark_results_part2_evaluator/medium/tpsa/selfies_ga/seed_2/results_selfies_ga_tpsa_2.yaml
medium,tpsa,smiles_ga,0,1001,1001,218.43,218.43,208.21299999999997,193.4483,154.499426018426,oracle_benchmark_results_part2_evaluator/medium/tpsa/smiles_ga/seed_0/results_smiles_ga_tpsa_0.yaml
medium,tpsa,smiles_ga,1,1001,1001,207.66,207.66,202.92799999999997,191.1916999999999,153.99126567876564,oracle_benchmark_results_part2_evaluator/medium/tpsa/smiles_ga/seed_1/results_smiles_ga_tpsa_1.yaml
medium,tpsa,smiles_ga,2,1001,1001,228.4199999999999,228.4199999999999,206.80599999999995,187.958,151.40449944499943,oracle_benchmark_results_part2_evaluator/medium/tpsa/smiles_ga/seed_2/results_smiles_ga_tpsa_2.yaml
medium,tpsa,stoned,0,1001,1001,180.92,180.92,175.349,162.1149,134.99415029415027,oracle_benchmark_results_part2_evaluator/medium/tpsa/stoned/seed_0/results_stoned_tpsa_0.yaml
medium,tpsa,stoned,1,1001,1001,192.85,192.85,185.58599999999996,166.18229999999997,136.15213081363075,oracle_benchmark_results_part2_evaluator/medium/tpsa/stoned/seed_1/results_stoned_tpsa_1.yaml
medium,tpsa,stoned,2,1001,1001,190.86,190.86,179.75099999999998,162.4805,134.83342601842608,oracle_benchmark_results_part2_evaluator/medium/tpsa/stoned/seed_2/results_stoned_tpsa_2.yaml
